timestamp,value,actual_value
2026-07-08T21:49:57.921872,100,100
2026-07-08T21:49:58.023360,94.83527431583992,100
2026-07-08T21:49:58.124900,100,100
2026-07-08T21:49:58.226210,97.47331188076555,100
2026-07-08T21:49:58.327960,100,100
2026-07-08T21:49:58.429798,99.8155701576742,100
2026-07-08T21:49:58.532582,88.56937805021742,100
2026-07-08T21:49:58.634068,88.83145875730749,100
2026-07-08T21:49:58.735564,97.82130014555737,100
2026-07-08T21:49:58.836869,100,100
2026-07-08T21:49:58.938540,90.73756543265368,100
2026-07-08T21:49:59.040753,100,100
2026-07-08T21:49:59.142897,97.19590511205624,100
2026-07-08T21:49:59.245717,100,100
2026-07-08T21:49:59.348446,100,100
2026-07-08T21:49:59.451054,100,100
2026-07-08T21:49:59.553355,100,100
2026-07-08T21:49:59.655029,89.92205001282075,100
2026-07-08T21:49:59.757237,100,100
2026-07-08T21:49:59.859755,99.69444380286754,100
2026-07-08T21:49:59.961685,94.41943533516593,100
2026-07-08T21:50:00.064187,100,100
2026-07-08T21:50:00.166154,100,100
2026-07-08T21:50:00.267984,100,100
2026-07-08T21:50:00.369459,100,100
2026-07-08T21:50:00.472067,81.52545554329542,100
2026-07-08T21:50:00.574713,100,100
2026-07-08T21:50:00.676417,100,100
2026-07-08T21:50:00.777479,99.3514439293565,100
2026-07-08T21:50:00.879042,100,100
2026-07-08T21:50:00.980817,98.36287518175435,100
2026-07-08T21:50:01.083340,90.64243653190816,100
2026-07-08T21:50:01.185534,95.20848817443132,100
2026-07-08T21:50:01.286224,92.64110661196773,100
2026-07-08T21:50:01.387021,92.73693507594983,100
2026-07-08T21:50:01.488964,91.98548848799268,100
2026-07-08T21:50:01.591205,100,100
2026-07-08T21:50:01.692307,100,100
2026-07-08T21:50:01.793887,100,100
2026-07-08T21:50:01.895646,100,100
2026-07-08T21:50:01.997701,100,100
2026-07-08T21:50:02.100053,100,100
2026-07-08T21:50:02.201966,92.62955090148759,100
2026-07-08T21:50:02.304001,98.77489322270004,91.5
2026-07-08T21:50:02.405743,100,91.5
2026-07-08T21:50:02.507377,100,91.5
2026-07-08T21:50:02.609008,100,91.5
2026-07-08T21:50:02.710567,100,91.5
2026-07-08T21:50:02.812082,91.91023124959378,91.5
2026-07-08T21:50:02.912655,91.46845326227326,91.5
2026-07-08T21:50:03.014351,100,91.5
2026-07-08T21:50:03.116579,100,91.5
2026-07-08T21:50:03.218877,100,91.5
2026-07-08T21:50:03.320437,99.89090786826145,91.5
2026-07-08T21:50:03.422593,82.00813011270458,91.5
2026-07-08T21:50:03.524185,100,91.5
2026-07-08T21:50:03.626447,92.15729748741944,91.5
2026-07-08T21:50:03.728092,94.72220552969654,91.5
2026-07-08T21:50:03.829635,89.57922456763934,91.5
2026-07-08T21:50:03.931494,99.99519996809096,91.5
2026-07-08T21:50:04.034641,97.54182387615927,91.5
2026-07-08T21:50:04.136438,81.78241787871094,91.5
2026-07-08T21:50:04.238991,90.44667265400145,91.5
2026-07-08T21:50:04.341292,98.27424231018338,91.5
2026-07-08T21:50:04.443032,78.4127563723239,91.5
2026-07-08T21:50:04.545422,100,91.5
2026-07-08T21:50:04.661421,98.55521207758291,91.5
2026-07-08T21:50:04.762959,93.38705674681884,91.5
2026-07-08T21:50:04.864437,95.34675294936595,91.5
2026-07-08T21:50:04.965958,98.46300583667158,91.5
2026-07-08T21:50:05.067556,74.0578488167339,91.5
2026-07-08T21:50:05.169535,69.51110758087734,91.5
2026-07-08T21:50:05.275518,86.63936748850071,87.7
2026-07-08T21:50:05.377189,100,87.7
2026-07-08T21:50:05.479121,83.32921434408634,87.7
2026-07-08T21:50:05.580760,67.91189308672745,87.7
2026-07-08T21:50:05.682596,92.16760344298375,87.7
2026-07-08T21:50:05.784154,70.99538171295342,87.7
2026-07-08T21:50:05.885792,91.58233203937954,87.7
2026-07-08T21:50:05.987572,98.0168818639086,87.7
2026-07-08T21:50:06.089818,90.05642556956691,87.7
2026-07-08T21:50:06.192070,92.52666244578434,87.7
2026-07-08T21:50:06.294541,95.75548051452112,87.7
2026-07-08T21:50:06.396847,87.43156740302831,87.7
2026-07-08T21:50:06.498979,84.63107805862286,87.7
2026-07-08T21:50:06.600987,78.90343478314318,87.7
2026-07-08T21:50:06.702847,86.23813844207979,87.7
2026-07-08T21:50:06.804528,92.15584034858328,87.7
2026-07-08T21:50:06.906253,88.05759470548203,87.7
2026-07-08T21:50:07.007783,87.58295451066066,87.7
2026-07-08T21:50:07.109600,97.38536212945249,84.5
2026-07-08T21:50:07.211204,89.37250189688643,84.5
2026-07-08T21:50:07.312758,76.8975839358015,84.5
2026-07-08T21:50:07.414510,89.90721422792895,84.5
2026-07-08T21:50:07.516711,69.53988445873397,84.5
2026-07-08T21:50:07.618817,96.72281633824583,84.5
2026-07-08T21:50:07.720466,87.25952240868807,84.5
2026-07-08T21:50:07.822649,88.39615749586261,84.5
2026-07-08T21:50:07.924236,100,84.5
2026-07-08T21:50:08.025742,69.92747949205214,84.5
2026-07-08T21:50:08.127267,85.77716293331318,84.5
2026-07-08T21:50:08.229006,91.89804597125404,84.5
2026-07-08T21:50:08.330747,83.52451732061401,81.5
2026-07-08T21:50:08.432459,80.59460616742743,81.5
2026-07-08T21:50:08.534055,81.98101982210304,81.5
2026-07-08T21:50:08.635679,74.8144259213032,81.5
2026-07-08T21:50:08.737567,72.06149139683173,81.5
2026-07-08T21:50:08.839971,83.82122849252524,81.5
2026-07-08T21:50:08.941669,78.00068667095726,81.5
2026-07-08T21:50:09.043273,87.39747725808311,81.5
2026-07-08T21:50:09.144998,76.22373722702459,81.5
2026-07-08T21:50:09.247127,69.66242717631792,76.4
2026-07-08T21:50:09.348701,79.82552451325752,76.4
2026-07-08T21:50:09.450259,69.19398760627962,76.4
2026-07-08T21:50:09.551882,86.25438078750896,76.4
2026-07-08T21:50:09.653772,85.63333603728545,76.4
2026-07-08T21:50:09.756021,85.20011385986382,76.4
2026-07-08T21:50:09.857987,69.01735088172686,76.4
2026-07-08T21:50:09.960250,69.95364257776804,76.4
2026-07-08T21:50:10.061869,91.17134257193935,76.4
2026-07-08T21:50:10.163499,65.90203788185737,76.4
2026-07-08T21:50:10.265118,50.528359835944386,66.9
2026-07-08T21:50:10.366749,69.22010243250696,66.9
2026-07-08T21:50:10.468362,67.90586620087262,66.9
2026-07-08T21:50:10.569253,70.90056196487225,66.9
2026-07-08T21:50:10.671105,69.8003526763674,66.9
2026-07-08T21:50:10.772715,67.27259923935107,66.9
2026-07-08T21:50:10.874606,55.59913632061722,66.9
2026-07-08T21:50:10.976814,78.316498815631,66.9
2026-07-08T21:50:11.078631,63.62648808136564,66.9
2026-07-08T21:50:11.180232,78.59765536543426,66.9
2026-07-08T21:50:11.282051,66.55664024972938,66.9
2026-07-08T21:50:11.383914,62.658823915952865,57.9
2026-07-08T21:50:11.485444,54.742099673022445,57.9
2026-07-08T21:50:11.587035,52.323685587677666,57.9
2026-07-08T21:50:11.688602,71.43959151526228,57.9
2026-07-08T21:50:11.790135,65.5283755179196,57.9
2026-07-08T21:50:11.891256,30.006183217929387,57.9
2026-07-08T21:50:11.992874,47.42652439140064,57.9
2026-07-08T21:50:12.096056,55.18016417089513,57.9
2026-07-08T21:50:12.200378,51.04981640077497,57.9
2026-07-08T21:50:12.301812,44.83345756647447,57.9
2026-07-08T21:50:12.403350,45.65236717179078,52.8
2026-07-08T21:50:12.504832,60.084712538835795,52.8
2026-07-08T21:50:12.606270,60.95563539314126,52.8
2026-07-08T21:50:12.708101,39.1059812215378,52.8
2026-07-08T21:50:12.809235,54.564955639073354,52.8
2026-07-08T21:50:12.910885,45.68834024018293,52.8
2026-07-08T21:50:13.012524,57.6988081168186,52.8
2026-07-08T21:50:13.114109,57.3566886666613,52.8
2026-07-08T21:50:13.215996,31.82328593176049,41.7
2026-07-08T21:50:13.317729,26.0333966822226,41.7
2026-07-08T21:50:13.419462,32.37327635028025,41.7
2026-07-08T21:50:13.520928,57.34384590511449,41.7
2026-07-08T21:50:13.622528,48.457178775081914,41.7
2026-07-08T21:50:13.723925,64.18440483976764,41.7
2026-07-08T21:50:13.825365,38.176685736532626,41.7
2026-07-08T21:50:13.926783,14.734985916738328,41.7
2026-07-08T21:50:14.028378,40.730794508682955,41.7
2026-07-08T21:50:14.133671,36.936954268635745,41.7
2026-07-08T21:50:14.235923,34.83429933997823,34.6
2026-07-08T21:50:14.337384,44.26241672448574,34.6
2026-07-08T21:50:14.438819,23.331793171007952,34.6
2026-07-08T21:50:14.540659,19.667464302784175,34.6
2026-07-08T21:50:14.642968,48.83187214839119,34.6
2026-07-08T21:50:14.745233,45.138105392846505,34.6
2026-07-08T21:50:14.846825,34.638131218418636,34.6
2026-07-08T21:50:14.948696,35.94041480568644,34.6
2026-07-08T21:50:15.050533,38.49104438012069,34.6
2026-07-08T21:50:15.152259,14.754756848424085,23.9
2026-07-08T21:50:15.253903,24.807862678037356,23.9
2026-07-08T21:50:15.355552,23.92473935706821,23.9
2026-07-08T21:50:15.456876,24.009336432887533,23.9
2026-07-08T21:50:15.558601,27.938662157861465,23.9
2026-07-08T21:50:15.660473,24.877933537452606,23.9
2026-07-08T21:50:15.762259,45.32767377401957,23.9
2026-07-08T21:50:15.864332,44.00182180455416,23.9
2026-07-08T21:50:15.966183,18.338879825930853,23.9
2026-07-08T21:50:16.067977,7.863816064326714,19.8
2026-07-08T21:50:16.169676,33.55881832556949,19.8
2026-07-08T21:50:16.270495,14.921089564701173,19.8
2026-07-08T21:50:16.372105,24.39004606167154,19.8
2026-07-08T21:50:16.473704,17.19706052228291,19.8
2026-07-08T21:50:16.575332,26.37991183780317,19.8
2026-07-08T21:50:16.677019,49.82348117822854,19.8
2026-07-08T21:50:16.778373,9.453340803036863,19.8
2026-07-08T21:50:16.880665,10.644940069533815,19.8
2026-07-08T21:50:16.982514,0,7.3
2026-07-08T21:50:17.084140,0,7.3
2026-07-08T21:50:17.185820,10.555691563321682,7.3
2026-07-08T21:50:17.287116,5.9111984769919985,7.3
2026-07-08T21:50:17.388731,12.695825862247585,7.3
2026-07-08T21:50:17.490188,10.628135276186041,7.3
2026-07-08T21:50:17.591873,0.23386998826175492,7.3
2026-07-08T21:50:17.694246,23.509171154402203,7.3
2026-07-08T21:50:17.796206,15.386665459430194,7.3
2026-07-08T21:50:17.898159,10.971554155587555,7.3
2026-07-08T21:50:17.999698,10.583790970520385,1.3
2026-07-08T21:50:18.101329,17.026498022298004,1.3
2026-07-08T21:50:18.202953,0,1.3
2026-07-08T21:50:18.303772,2.0591011384482467,1.3
2026-07-08T21:50:18.405335,0,1.3
2026-07-08T21:50:18.506858,4.029903075991386,1.3
2026-07-08T21:50:18.608580,2.733619978386395,1.3
2026-07-08T21:50:18.710848,0,1.3
2026-07-08T21:50:18.813081,0,1.3
2026-07-08T21:50:18.914543,0,1.3
2026-07-08T21:50:19.016592,8.550679926618596,1.3
2026-07-08T21:50:19.118920,0,1.3
2026-07-08T21:50:19.221292,2.1261943961796965,1.3
2026-07-08T21:50:19.323835,2.1556848125766552,1.3
2026-07-08T21:50:19.426082,0,1.3
2026-07-08T21:50:19.527844,6.5317796983958365,1.3
2026-07-08T21:50:19.630062,0,1.3
2026-07-08T21:50:19.731479,0,1.3
2026-07-08T21:50:19.833200,11.56657816490003,1.3
2026-07-08T21:50:19.934984,3.874691230100851,1.3
2026-07-08T21:50:20.036941,0,1.3
2026-07-08T21:50:20.139389,4.6642533310768615,1.3
2026-07-08T21:50:20.241018,22.428427282490382,1.3
2026-07-08T21:50:20.342941,3.8753895836342944,1.3
2026-07-08T21:50:20.446419,20.388148224549557,1.3